feature,ks_stat,ks_pvalue,real_mean,syn_mean,real_std,syn_std
mean radius,0.2663316582914573,1.7689122417084151e-06,14.27272864321608,15.766071587301585,3.5640999289091093,4.422825542887321
mean texture,0.1960995453457765,0.0010499947695386824,19.254271356783917,20.646893333333335,4.3569966082099985,4.7933485626071075
mean perimeter,0.2638190954773869,2.3016174930115145e-06,92.95746231155779,103.41509714285715,24.578750389224748,30.272000499066866
mean area,0.271356783919598,1.0366789509940675e-06,668.7924623115579,842.05575984127,360.10162586165643,458.1817098339639
mean smoothness,0.15904921432559624,0.01374181040374314,0.09638085427135677,0.1007082619047619,0.014168852305396157,0.015200254169334087
mean compactness,0.2734705272393715,8.252291338410963e-07,0.10491143216080402,0.1336291587301587,0.05335375066251633,0.07230404164353939
mean concavity,0.18421472441572945,0.002543926116897664,0.08837339371859297,0.12087761904761904,0.07775342241269138,0.09833042093474473
mean concave points,0.19968892079444844,0.0007957901377004117,0.04977173869346734,0.06638826190476191,0.03918729510069052,0.052073925414874815
mean symmetry,0.3311398261147005,7.970228670992214e-10,0.18044723618090447,0.1947021111111111,0.02750864879802282,0.03406620438350544
mean fractal dimension,0.1618010688362447,0.011563577628848166,0.06262922110552764,0.06461424603174604,0.007047707538918412,0.007952345251246575
radius error,0.340791257876685,2.168459451914699e-10,0.4133462311557789,0.706178253968254,0.2936753884688475,0.47006045921011524
texture error,0.28722979979261387,1.7898838994838912e-07,1.1929243718592966,1.592622380952381,0.5136867540539026,0.6343750480383793
perimeter error,0.3608917603892478,1.2647730189944112e-11,2.932288944723618,5.129214365079366,2.16400408888522,3.4605047714214963
area error,0.3616893993778416,1.1266704119436341e-11,42.099510050251254,90.33932158730161,50.10878248876319,85.75549724400948
smoothness error,0.23251176517508176,4.92513842268034e-05,0.007059414572864322,0.008889803968253968,0.003101657827336549,0.0050599930219758765
compactness error,0.3262343463348488,1.5179721889163977e-09,0.0250756432160804,0.037205762698412685,0.016206564141876757,0.022306956537185046
concavity error,0.3274308048177395,1.2990332670914306e-09,0.030450378391959798,0.05045077777777778,0.021440024070497287,0.033547692354315865
concave points error,0.35941612826034935,1.5632097406072922e-11,0.011867321608040202,0.01699705555555555,0.0058201963584003855,0.009490471577680156
symmetry error,0.3892079444843264,1.7065778272274283e-13,0.020356150753768846,0.03026849206349207,0.008041281241969416,0.014926509904611885
fractal dimension error,0.333253569434474,6.012700152121685e-10,0.003739654522613065,0.006318281746031746,0.0022676120037530612,0.004662938720827307
worst radius,0.298596155380075,4.7636375548813625e-08,16.403881909547742,19.571496984126984,4.901896810965233,6.753386900238041
worst texture,0.21620004785833932,0.00020694277888547174,25.532110552763815,28.34466095238095,6.271674423005399,7.066950849515465
worst perimeter,0.2947674882348249,7.489141189076675e-08,108.19268844221106,130.7465019047619,34.116453200079036,47.88230786437237
worst area,0.2914572864321608,1.1007341636761048e-07,897.3547738693468,1379.5838623809525,586.8239816949249,956.0050484299401
worst smoothness,0.19063571827390924,0.001585947497610654,0.13172306532663317,0.13834530952380952,0.021683810431399695,0.022523595276200906
worst compactness,0.22772593124351917,7.590566706527253e-05,0.2506509547738694,0.3466745793650794,0.14640125932433684,0.22369003688233036
worst concavity,0.18616893993778416,0.00220546539609771,0.2659868417085427,0.3530729761904762,0.19645065989325422,0.27389873404572107
worst concave points,0.23618090452261306,3.508858888860166e-05,0.11459120351758793,0.14144059523809527,0.06402229771520984,0.08444556534506284
worst symmetry,0.3112786152987158,1.0188084715688617e-08,0.28754547738693464,0.33078977777777774,0.05828667040484174,0.08588113859651114
worst fractal dimension,0.20706708143894073,0.0004413564411642389,0.08339846733668342,0.09768972222222222,0.01727736521162785,0.03301199691998444
