target,mean radius,mean texture,mean perimeter,mean area,mean smoothness,mean compactness,mean concavity,mean concave points,mean symmetry,mean fractal dimension,radius error,texture error,perimeter error,area error,smoothness error,compactness error,concavity error,concave points error,symmetry error,fractal dimension error,worst radius,worst texture,worst perimeter,worst area,worst smoothness,worst compactness,worst concavity,worst concave points,worst symmetry,worst fractal dimension
0.0,17.478,20.89,113.88,963.8,0.11674,0.14725,0.12563,0.08272,0.2078,0.06941,0.6186,1.4988,4.3516,77.92,0.0075591,0.0381659,0.05284,0.02102,0.03534,0.0048154,22.094,27.185,145.42,1468.2,0.15549,0.38792,0.41902,0.17452,0.3664,0.09673
1.0,11.233,16.275,71.25,398.9,0.0954,0.08215,0.05106,0.02685,0.1751,0.0645,0.3846,1.0877,2.6931,29.98,0.005574,0.0212871,0.03517,0.01257,0.02511,0.0031888,12.722,21.849,83.82,504.6,0.13197,0.1983,0.20016,0.08865,0.2917,0.07633
0.0,20.017,25.487,131.78,1318.9,0.10821,0.20455,0.21957,0.11584,0.2359,0.06382,0.9859,2.0152,7.3117,135.25,0.0118501,0.0632831,0.07827,0.02497,0.04689,0.008915,25.68,33.159,168.04,2045.7,0.15064,0.51268,0.60144,0.22891,0.4158,0.1147
1.0,12.385,19.388,80.14,469.7,0.0988,0.07886,0.03851,0.02058,0.1818,0.06173,0.4102,1.2505,2.9815,36.57,0.0068427,0.0205934,0.02875,0.01198,0.02498,0.0039203,13.987,25.472,92.51,601.8,0.13626,0.19502,0.17548,0.08587,0.2982,0.07765
0.0,16.516,23.114,108.97,858.7,0.09348,0.12035,0.10189,0.06214,0.1985,0.05927,0.6729,1.7289,4.909,85.67,0.0085189,0.0456108,0.06012,0.01955,0.03212,0.0053912,20.781,29.876,134.11,1285.4,0.1415,0.30154,0.3256,0.14881,0.3459,0.08914
1.0,10.027,15.158,64.21,308.2,0.08821,0.05834,0.01582,0.00816,0.1582,0.06895,0.2878,0.8525,2.0253,18.75,0.0041865,0.0115041,0.01021,0.00511,0.01589,0.0021571,10.875,20.082,71.59,380.2,0.11874,0.15018,0.07281,0.03892,0.2458,0.07255
0.0,19.255,24.125,125.79,1145.2,0.10255,0.18721,0.19018,0.09841,0.2251,0.06205,0.8252,1.9056,6.1852,110.15,0.0105877,0.057813,0.07125,0.02251,0.04159,0.0078234,24.486,32.081,161.85,1892.5,0.14578,0.48512,0.5521,0.21053,0.3951,0.10825
1.0,12.875,17.458,83.56,512.5,0.09152,0.06587,0.03125,0.01659,0.1685,0.06028,0.3551,1.1558,2.5085,25.88,0.0050859,0.016259,0.02018,0.00958,0.02154,0.0028751,14.658,23.518,94.25,655.8,0.12885,0.17056,0.15012,0.07559,0.2801,0.07598
0.0,15.011,21.902,99.85,705.8,0.09758,0.13524,0.11582,0.06821,0.2052,0.05814,0.5518,1.5891,3.8557,68.55,0.0070525,0.0398715,0.05591,0.01988,0.03088,0.0045521,18.887,28.555,125.18,1075.2,0.13852,0.3358,0.37015,0.15822,0.3552,0.09151
1.0,11.588,16.892,74.95,420.5,0.09345,0.07018,0.03582,0.01855,0.1712,0.06258,0.3705,1.1085,2.6055,27.58,0.0052588,0.0175512,0.02255,0.01018,0.02288,0.0031025,13.125,22.815,86.95,535.8,0.12998,0.17588,0.16012,0.08055,0.2858,0.07688
0.0,18.055,23.585,118.25,1025.5,0.10185,0.16521,0.15825,0.08955,0.2158,0.06055,0.7058,1.7852,5.2558,95.58,0.0090555,0.0485555,0.06585,0.02185,0.03585,0.0060555,22.555,30.555,150.55,1555.5,0.14555,0.40555,0.45555,0.18555,0.3755,0.09855
1.0,13.055,18.555,84.55,525.5,0.09255,0.07055,0.03255,0.01755,0.1705,0.06155,0.3655,1.1855,2.5555,26.55,0.0051555,0.0165555,0.02155,0.00985,0.02255,0.0029555,14.855,24.555,95.55,675.5,0.13055,0.18055,0.15555,0.07855,0.2885,0.07655
0.0,16.885,22.555,110.55,905.5,0.09855,0.13855,0.11855,0.07055,0.2085,0.05955,0.6555,1.6855,4.7555,82.55,0.0080555,0.0425555,0.05855,0.02055,0.03355,0.0050555,21.555,28.555,140.55,1355.5,0.14855,0.35555,0.39555,0.16555,0.3605,0.09355
1.0,10.555,15.555,68.55,355.5,0.08755,0.05555,0.01255,0.00755,0.1555,0.06755,0.2755,0.8055,1.9555,17.55,0.0040555,0.0105555,0.00955,0.00455,0.01455,0.0020555,11.555,19.555,70.55,375.5,0.11555,0.14555,0.06855,0.03555,0.2405,0.07155
0.0,21.055,26.555,138.55,1455.5,0.11055,0.22555,0.25555,0.12555,0.2455,0.06455,1.0555,2.1555,8.0555,150.55,0.0125555,0.0685555,0.08555,0.02655,0.04955,0.0095555,26.555,34.555,175.55,2255.5,0.15555,0.55555,0.65555,0.25555,0.4355,0.12055
1.0,14.555,19.555,90.55,605.5,0.09555,0.07555,0.04055,0.02255,0.1855,0.06055,0.4555,1.3555,3.2555,40.55,0.0070555,0.0235555,0.03055,0.01355,0.02655,0.0040555,16.555,26.555,100.55,755.5,0.13855,0.21555,0.18555,0.09555,0.3055,0.08055
0.0,17.885,22.885,116.88,1005.8,0.10088,0.15888,0.14888,0.08588,0.2128,0.06088,0.6888,1.7588,5.0888,90.88,0.0088888,0.0478888,0.06388,0.02188,0.03488,0.0058888,22.388,29.888,148.88,1505.8,0.14788,0.39888,0.44888,0.18088,0.3708,0.09788
1.0,11.888,17.888,77.88,448.8,0.09088,0.06288,0.02888,0.01588,0.1658,0.06188,0.3488,1.1288,2.4888,24.88,0.0048888,0.0158888,0.01988,0.00988,0.02188,0.0028888,13.588,23.888,88.88,588.8,0.12788,0.16888,0.14888,0.07388,0.2788,0.07488
0.0,16.288,21.888,107.88,848.8,0.09688,0.13088,0.11088,0.06588,0.2038,0.05888,0.5888,1.6288,4.2888,75.88,0.0078888,0.0418888,0.05688,0.01988,0.03288,0.0048888,20.888,27.888,136.88,1258.8,0.13988,0.32888,0.36888,0.16088,0.3508,0.09088
1.0,10.288,14.888,66.88,328.8,0.08688,0.05288,0.01088,0.00688,0.1528,0.06688,0.2688,0.7888,1.8888,16.88,0.0038888,0.0098888,0.00888,0.00488,0.01388,0.0018888,11.288,19.888,68.88,368.8,0.11288,0.14288,0.06588,0.03388,0.2388,0.07088
0.0,20.588,25.888,135.88,1408.8,0.10888,0.21888,0.24888,0.12088,0.2408,0.06388,1.0288,2.1088,7.8888,145.88,0.0122888,0.0658888,0.08288,0.02588,0.04888,0.0092888,26.088,33.888,172.88,2188.8,0.15388,0.53888,0.62888,0.24888,0.4288,0.11888
0.0,19.26,20.08,127.3,1156.9,0.11718,0.1987,0.22387,0.10686,0.2036,0.0683,1.0766,1.459,8.472,130.63,0.007629,0.04618,0.07684,0.02672,0.03816,0.007964,23.36,30.34,166.7,1804.0,0.1585,0.4908,0.6186,0.2452,0.3995,0.09325
1.0,11.02,17.29,70.9,376.1,0.08127,0.0538,0.02981,0.01529,0.1691,0.06012,0.3759,1.109,2.802,26.96,0.00392,0.01287,0.01736,0.00993,0.02381,0.002821,12.55,21.05,80.7,460.0,0.1018,0.1132,0.1189,0.0789,0.2562,0.06584
0.0,23.49,27.27,155.0,1749.6,0.10842,0.2427,0.29742,0.14717,0.2312,0.0762,1.1598,1.968,9.02,208.57,0.013583,0.07361,0.11786,0.0345,0.05837,0.016335,31.79,39.02,217.2,3082.0,0.1687,0.8524,0.9984,0.2504,0.4883,0.14561
1.0,13.25,18.06,85.7,562.4,0.09873,0.0912,0.07008,0.04168,0.1802,0.06456,0.4357,1.006,3.018,37.89,0.006859,0.02706,0.03491,0.01602,0.02654,0.003994,14.61,23.95,95.7,705.0,0.1293,0.2109,0.2464,0.1086,0.315,0.07923
0.0,16.59,25.86,108.9,864.2,0.07253,0.0592,0.04351,0.02875,0.1384,0.0526,0.6179,1.884,4.208,68.91,0.004077,0.01625,0.02008,0.01018,0.01865,0.002888,20.08,34.02,130.6,1282.0,0.1026,0.1407,0.1601,0.0986,0.2647,0.06527
1.0,9.88,15.11,63.9,298.6,0.11051,0.0876,0.05047,0.02388,0.1989,0.07094,0.2882,0.923,2.074,18.05,0.007882,0.02517,0.03099,0.01258,0.02816,0.004812,10.96,20.01,70.5,364.0,0.1458,0.1987,0.1952,0.0906,0.2885,0.08537
0.0,18.57,21.04,122.9,1072.5,0.09756,0.1648,0.17006,0.08077,0.208,0.06649,0.8441,1.554,6.279,118.88,0.006573,0.04118,0.06822,0.02506,0.03215,0.00551,22.84,30.88,154.5,1608.0,0.1386,0.415,0.5199,0.2008,0.3702,0.09675
1.0,12.39,16.89,79.5,475.2,0.09249,0.0673,0.02988,0.02206,0.1687,0.06105,0.2589,0.997,1.968,20.07,0.004561,0.01628,0.02105,0.00892,0.01955,0.002898,13.67,21.56,87.0,580.0,0.1167,0.1609,0.1287,0.0768,0.279,0.07185
0.0,19.38,20.08,127.3,1151.7,0.1084,0.2227,0.203,0.1197,0.211,0.0673,0.602,1.365,4.354,67.7,0.006932,0.04631,0.04746,0.01704,0.02461,0.00494,24.1,28.7,160.7,1750.3,0.1472,0.528,0.507,0.2458,0.366,0.0967
1.0,10.63,16.27,69.17,349.56,0.0988,0.0817,0.0215,0.01865,0.1601,0.06013,0.221,0.739,1.606,17.218,0.00411,0.0135,0.0094,0.00755,0.0142,0.002011,11.53,20.09,75.1,400.95,0.1265,0.1764,0.0896,0.0577,0.2458,0.0689
1.0,13.25,23.14,86.0,551.4,0.11714,0.1444,0.11585,0.06553,0.1983,0.0683,0.4851,1.543,3.468,48.01,0.0076296,0.03816,0.05436,0.01633,0.0264,0.0055172,16.59,30.31,108.9,848.3,0.1554,0.3475,0.306,0.1568,0.3468,0.09618
0.0,19.38,20.09,127.3,1154.5,0.09341,0.1345,0.10656,0.08051,0.1984,0.05837,0.7302,1.266,5.196,89.55,0.0058988,0.02982,0.03362,0.01538,0.01777,0.0033069,22.75,27.08,150.3,1586.2,0.1293,0.3013,0.3364,0.1802,0.2872,0.07682
0.0,19.3897,22.1818,126.837,1179.379,0.0889,0.145,0.1219,0.0872,0.2076,0.0573,0.7297,1.0664,5.0864,81.1669,0.0053,0.0366,0.031,0.0142,0.019,0.0041,23.9701,30.3436,160.8931,1799.3093,0.1275,0.368,0.3204,0.1989,0.3129,0.0766
0.0,19.34,22.42,126.8,1147.0,0.1194,0.1438,0.1066,0.0631,0.1764,0.06213,0.7225,1.761,5.08,98.0,0.007621,0.0298,0.03857,0.01569,0.02166,0.003184,21.84,27.73,143.5,1451.0,0.1417,0.3013,0.286,0.1587,0.2917,0.08375
1.0,10.65,15.71,68.96,346.0,0.0851,0.0694,0.0211,0.01235,0.1539,0.06015,0.2891,1.171,2.05,21.0,0.00543,0.01824,0.01525,0.00726,0.01912,0.002821,11.83,20.08,76.57,411.0,0.1136,0.1593,0.1154,0.0664,0.2435,0.0718
0.0,22.14,25.96,146.7,1505.0,0.1039,0.2117,0.2319,0.1265,0.2018,0.06375,1.216,2.378,9.08,187.0,0.00971,0.04639,0.06173,0.02096,0.02488,0.005183,26.47,33.15,178.6,2205.0,0.1449,0.4891,0.528,0.237,0.3957,0.0988
0.0,23.327,27.17,153.22,1765.9,0.07661,0.22234,0.30573,0.18224,0.2858,0.06316,2.2755,2.9461,16.516,400.91,0.024508,0.074251,0.08906,0.03373,0.076413,0.0163351,29.988,38.93,222.12,3101.9,0.18432,0.91107,0.9234,0.24945,0.4901,0.19835
1.0,11.236,19.34,71.74,382.7,0.11909,0.05436,0.02422,0.01018,0.1472,0.07843,0.2299,0.9255,1.527,18.06,0.007675,0.01955,0.03544,0.01353,0.021008,0.0084364,12.569,27.56,80.17,456.7,0.13459,0.09677,0.0505,0.02155,0.2114,0.09641
0.0,19.643,24.81,130.65,1166.4,0.09825,0.18765,0.21183,0.13845,0.2312,0.06497,1.332,2.004,9.45,189.04,0.016928,0.080516,0.10397,0.02895,0.046036,0.0101741,25.996,35.25,178.53,2291.5,0.17178,0.61327,0.6865,0.26767,0.4891,0.13328
1.0,9.088,14.65,59.38,265.1,0.10707,0.03965,0.00639,0.00287,0.1601,0.07548,0.193,0.5672,1.353,10.23,0.005374,0.009364,0.00962,0.00405,0.012586,0.0028867,9.916,21.05,65.34,310.2,0.14088,0.06649,0.0128,0.00586,0.2505,0.10842
0.0,17.915,22.95,118.88,995.5,0.09062,0.13359,0.10118,0.07054,0.2056,0.05929,0.738,1.59,5.275,85.25,0.006208,0.050119,0.0401,0.01899,0.025255,0.0049444,22.09,30.33,148.91,1502.8,0.13098,0.30155,0.2524,0.16089,0.3456,0.07886
1.0,13.069,17.02,84.18,527.0,0.10515,0.07925,0.0526,0.0298,0.1706,0.06404,0.428,1.21,2.9,35.81,0.007921,0.025348,0.03842,0.01422,0.020584,0.0039867,14.88,24.18,97.02,680.1,0.14002,0.15089,0.1105,0.06325,0.2709,0.08271
0.0,15.772,20.15,103.53,782.1,0.09958,0.11545,0.08832,0.0583,0.198,0.05739,0.589,1.35,4.288,65.04,0.005118,0.028989,0.0351,0.01524,0.022303,0.0032994,18.995,29.35,125.88,1101.5,0.13885,0.26056,0.2215,0.13018,0.3159,0.07436
1.0,10.283,16.89,66.41,330.1,0.0988,0.06172,0.02678,0.0128,0.1583,0.06788,0.231,0.75,1.59,18.0,0.0042,0.0135,0.0181,0.0068,0.0118,0.0025,11.3,23.1,72.5,370.2,0.125,0.105,0.055,0.027,0.23,0.078
0.0,20.559,25.99,139.0,1322.8,0.08778,0.1654,0.2001,0.1303,0.2458,0.05607,0.985,2.15,7.05,130.0,0.0075,0.045,0.058,0.022,0.03,0.006,26.88,36.55,188.0,2100.0,0.125,0.45,0.5,0.25,0.4,0.09
1.0,14.05,19.0,90.0,600.0,0.1,0.09,0.06,0.03,0.17,0.06,0.35,1.0,2.5,30.0,0.006,0.02,0.03,0.01,0.02,0.004,15.5,26.0,100.0,750.0,0.13,0.2,0.15,0.07,0.28,0.08
0.0,18.0,23.0,120.0,1050.0,0.09,0.14,0.11,0.075,0.21,0.055,0.8,1.7,5.5,95.0,0.007,0.06,0.05,0.02,0.028,0.006,21.0,31.0,140.0,1350.0,0.12,0.3,0.25,0.16,0.32,0.07
1.0,10.5,15.0,68.0,350.0,0.11,0.06,0.02,0.008,0.165,0.068,0.25,0.85,1.8,20.0,0.005,0.015,0.025,0.009,0.018,0.003,11.5,22.0,75.0,400.0,0.135,0.1,0.04,0.015,0.24,0.085
0.0,16.5,21.0,108.0,850.0,0.1,0.13,0.095,0.06,0.2,0.058,0.5,1.4,3.5,50.0,0.006,0.025,0.03,0.012,0.018,0.003,19.5,30.0,130.0,1200.0,0.14,0.28,0.2,0.12,0.33,0.075
1.0,12.0,16.0,78.0,450.0,0.105,0.07,0.04,0.02,0.175,0.062,0.3,0.9,2.2,28.0,0.005,0.018,0.022,0.008,0.015,0.002,13.0,24.0,85.0,550.0,0.13,0.15,0.09,0.05,0.27,0.078
0.0,23.189,26.96,155.03,2087.9,0.11718,0.2091,0.27092,0.14728,0.2319,0.07727,1.8742,2.5413,15.548,349.88,0.017772,0.063168,0.08984,0.02495,0.04873,0.0135887,29.98,38.74,217.15,3160.8,0.1652,0.6874,0.7299,0.2001,0.3888,0.1458
1.0,17.476,26.85,116.48,1032.6,0.13404,0.19895,0.22234,0.11183,0.1997,0.07689,0.9234,2.839,6.726,108.41,0.013095,0.06371,0.11213,0.01995,0.05389,0.012581,25.86,32.41,177.3,2035.0,0.1873,0.4746,0.6186,0.2443,0.3957,0.14723
0.0,13.633,18.78,89.52,580.8,0.0883,0.08643,0.04029,0.03531,0.1982,0.06013,0.5927,1.802,4.868,69.59,0.0097,0.0264,0.03551,0.01711,0.04163,0.004183,18.25,23.46,120.7,1048.0,0.1287,0.2311,0.2036,0.1472,0.306,0.09176
1.0,11.393,12.55,73.55,420.7,0.09115,0.05775,0.02081,0.01897,0.1656,0.06282,0.4004,1.157,2.831,43.27,0.00618,0.0188,0.01897,0.01083,0.03227,0.002821,12.92,19.34,84.4,561.0,0.1207,0.1264,0.0838,0.0765,0.2415,0.0701
0.0,23.111,26.6,154.55,1647.7,0.12781,0.28784,0.29749,0.16016,0.2458,0.08053,1.8288,2.781,14.656,367.57,0.02534,0.07172,0.11714,0.0307,0.06399,0.01777,30.34,39.04,204.6,3035.0,0.1654,0.7816,0.8504,0.2486,0.4682,0.18742
1.0,15.011,17.47,99.85,717.3,0.10303,0.10707,0.0921,0.05739,0.1824,0.06649,0.7208,2.028,5.034,74.74,0.010041,0.03816,0.06059,0.01956,0.03808,0.006932,18.73,25.8,126.9,1125.0,0.15,0.2981,0.3204,0.1581,0.3409,0.09886
0.0,20.01,24.16,134.82,1268.0,0.10515,0.22212,0.25232,0.11029,0.2016,0.06526,1.4871,2.007,11.233,212.87,0.014234,0.05929,0.07722,0.027,0.05608,0.010034,26.78,35.85,177.1,2348.0,0.1706,0.6136,0.7554,0.2319,0.419,0.1384
1.0,12.782,15.02,82.49,500.2,0.08304,0.05432,0.01526,0.00732,0.1601,0.05833,0.32,1.219,2.441,32.74,0.004863,0.01533,0.01358,0.0079,0.02476,0.002131,14.07,20.08,91.8,614.0,0.1082,0.1189,0.0699,0.0354,0.2404,0.06733
0.0,19.387,22.09,127.35,1168.1,0.10385,0.17056,0.19827,0.10214,0.2117,0.0654,1.2001,2.158,9.584,170.82,0.010186,0.04359,0.07187,0.02484,0.04375,0.007943,24.78,31.4,166.7,1900.0,0.1609,0.4286,0.5898,0.2056,0.39,0.11902
1.0,10.605,14.03,68.99,350.6,0.10915,0.08051,0.04166,0.02277,0.1783,0.0645,0.3113,0.852,2.203,22.42,0.007787,0.02345,0.03058,0.01257,0.02538,0.004121,11.75,19.45,76.5,420.0,0.136,0.1718,0.1585,0.0699,0.2647,0.08092
0.0,18.005,28.21,119.88,1035.4,0.10427,0.17933,0.20815,0.10255,0.2476,0.067,1.0772,2.903,7.994,140.75,0.015794,0.08077,0.09117,0.03478,0.06798,0.014299,23.36,41.05,157.6,1804.0,0.18,0.59,0.7258,0.2678,0.48,0.17006
1.0,14.654,19.16,95.73,680.1,0.09355,0.08984,0.05263,0.03608,0.1701,0.06178,0.5342,1.35,3.951,57.18,0.00699,0.0289,0.0375,0.01481,0.03155,0.004555,16.54,26.44,109.8,924.0,0.129,0.252,0.2104,0.118,0.3105,0.08381
0.0,15.659,20.09,103.22,763.5,0.10001,0.13645,0.10477,0.06019,0.199,0.064,0.785,2.1,5.9,98.5,0.008,0.045,0.055,0.021,0.035,0.006,19.8,27.0,132.0,1200.0,0.14,0.38,0.35,0.18,0.35,0.09
1.0,11.234,16.89,72.48,390.1,0.0988,0.0699,0.0355,0.021,0.175,0.061,0.35,1.2,2.5,28.0,0.0055,0.018,0.022,0.009,0.022,0.0025,12.5,22.0,81.0,470.0,0.125,0.15,0.1,0.05,0.25,0.075
0.0,21.5,29.0,145.0,1450.0,0.13,0.3,0.35,0.18,0.25,0.085,2.0,3.0,15.0,400.0,0.028,0.09,0.13,0.038,0.075,0.02,32.0,45.0,210.0,3500.0,0.19,0.9,0.95,0.28,0.5,0.19
1.0,9.5,11.0,60.0,270.0,0.07,0.02,0.0,0.0,0.12,0.05,0.15,0.4,0.8,7.0,0.003,0.0025,0.0,0.0,0.008,0.001,8.0,13.0,55.0,200.0,0.085,0.04,0.0,0.0,0.16,0.06
0.0,16.8,23.5,110.0,900.0,0.11,0.16,0.13,0.08,0.22,0.068,1.0,2.0,7.0,110.0,0.009,0.05,0.06,0.025,0.04,0.008,21.0,30.0,140.0,1300.0,0.15,0.4,0.3,0.17,0.35,0.1
1.0,13.0,15.0,85.0,520.0,0.09,0.07,0.03,0.015,0.165,0.06,0.3,1.0,2.0,25.0,0.005,0.01,0.015,0.008,0.018,0.002,14.5,20.0,95.0,650.0,0.12,0.13,0.07,0.04,0.25,0.07
0.0,23.15,28.73,153.2,1663.0,0.1197,0.2872,0.3105,0.1691,0.2608,0.0811,1.149,2.684,8.125,188.75,0.01258,0.06173,0.07182,0.02479,0.04018,0.00984,28.53,38.16,192.8,2568.0,0.1706,0.6713,0.7303,0.2709,0.4851,0.1458
1.0,17.47,21.99,114.7,967.6,0.11977,0.169,0.18041,0.08973,0.2227,0.06584,0.6123,1.696,4.603,66.82,0.0076292,0.04018,0.05436,0.01633,0.02456,0.0048873,21.57,28.71,141.6,1402.0,0.1506,0.3705,0.4005,0.2014,0.3444,0.09885
0.0,24.19,29.35,166.4,1799.0,0.11059,0.2974,0.34293,0.17066,0.2458,0.07661,1.0601,2.502,8.816,135.03,0.0142907,0.07183,0.09945,0.0308,0.0469,0.0152485,30.82,40.4,218.4,2896.0,0.1678,0.7303,0.8524,0.2709,0.43,0.14502
1.0,10.66,16.5,68.9,349.5,0.09249,0.0602,0.02029,0.01416,0.1718,0.06208,0.3343,1.385,2.441,25.96,0.0070001,0.01955,0.02325,0.0084,0.0233,0.0039234,12.27,22.02,77.9,460.5,0.1309,0.1478,0.0805,0.054,0.2505,0.07604
0.0,19.34,26.54,127.3,1154.2,0.09875,0.1889,0.20509,0.11099,0.2312,0.06388,0.7456,2.029,5.778,98.66,0.0101878,0.06001,0.07599,0.02422,0.03877,0.0099401,24.26,34.8,165.7,1695.5,0.1444,0.4568,0.5097,0.2104,0.3804,0.11048
1.0,13.56,18.89,88.2,575.4,0.10173,0.1009,0.06533,0.03544,0.198,0.061,0.3803,1.503,2.784,33.07,0.0060934,0.02701,0.03477,0.01311,0.021,0.0031002,15.68,25.1,100.9,760.3,0.1345,0.2015,0.1802,0.095,0.2905,0.08044
0.0,21.05,25.43,138.8,1390.8,0.091,0.1601,0.1903,0.099,0.2001,0.059,0.68,1.8,5.1,80.0,0.0085,0.045,0.06,0.02,0.03,0.005,26.0,35.0,175.0,2000.0,0.13,0.35,0.45,0.18,0.33,0.09
1.0,9.8,14.05,62.8,290.0,0.11,0.07,0.005,0.002,0.18,0.07,0.25,1.2,1.8,18.0,0.005,0.01,0.008,0.003,0.015,0.002,11.0,20.0,70.0,380.0,0.14,0.12,0.02,0.005,0.25,0.08
0.0,18.99,22.78,124.8,1125.1,0.0805,0.11,0.12,0.07,0.19,0.055,0.55,1.5,4.0,75.0,0.006,0.03,0.04,0.015,0.025,0.004,23.5,30.0,155.0,1700.0,0.12,0.25,0.3,0.14,0.31,0.07
0.0,15.247,20.15,99.85,735.6,0.10189,0.11578,0.08051,0.04873,0.1873,0.06312,0.4283,1.3827,3.159,41.979,0.0069811,0.028945,0.03218,0.01357,0.021077,0.0039578,17.21,26.85,115.34,942.5,0.13456,0.26123,0.21987,0.10543,0.2987,0.08123
1.0,11.593,17.48,74.52,410.2,0.09543,0.07892,0.04123,0.02156,0.1705,0.06587,0.2856,1.1578,2.105,19.876,0.0051234,0.015897,0.02014,0.00789,0.015234,0.0028765,12.87,23.51,83.12,502.1,0.12567,0.18912,0.13567,0.06543,0.2456,0.07345
0.0,19.872,25.67,131.29,1205.8,0.08765,0.13012,0.14567,0.08912,0.2215,0.05789,0.7892,1.8901,5.678,98.123,0.0087654,0.045678,0.06789,0.02876,0.035678,0.0067891,23.45,31.23,158.91,1700.3,0.14234,0.35678,0.40123,0.19876,0.3876,0.09512
1.0,9.815,16.23,63.21,295.7,0.10891,0.06012,0.00567,0.00213,0.1601,0.07123,0.2104,0.9876,1.89,12.345,0.0045678,0.008765,0.00345,0.00123,0.010987,0.0019876,10.98,21.05,71.23,360.5,0.13012,0.10567,0.01567,0.00876,0.2215,0.07987
0.0,17.562,23.45,115.89,967.1,0.09345,0.15876,0.13456,0.07891,0.2056,0.05987,0.6789,1.5678,4.567,78.912,0.0076543,0.038765,0.05678,0.02109,0.029876,0.0048765,21.01,29.87,142.34,1350.2,0.12876,0.30123,0.38765,0.16789,0.3543,0.08567
1.0,12.876,18.91,82.34,501.3,0.11234,0.10123,0.06789,0.03567,0.1789,0.06876,0.3567,1.2345,2.567,25.678,0.0061234,0.021345,0.02987,0.01123,0.018765,0.0035678,14.56,24.12,95.67,650.8,0.14012,0.21098,0.19876,0.08912,0.2789,0.08012
0.0,22.123,28.91,145.67,1501.2,0.07891,0.18912,0.21012,0.12345,0.2345,0.05345,0.9876,2.1098,7.89,150.123,0.0098765,0.067891,0.09876,0.03567,0.045678,0.0087654,26.78,35.67,185.12,2001.5,0.15012,0.45678,0.51234,0.24567,0.4567,0.10567
1.0,10.234,15.87,66.12,310.5,0.10567,0.08567,0.03012,0.01567,0.1654,0.07012,0.2456,1.0123,1.987,15.678,0.0049876,0.012345,0.01567,0.00678,0.013456,0.0025678,11.56,20.12,74.56,390.1,0.12891,0.16789,0.09876,0.04567,0.2345,0.07567
1.0,18.0673,22.01254,116.48624,1033.41113,0.11746,0.18378,0.17702,0.08861,0.20967,0.07185,0.76295,2.16209,5.75628,88.45524,0.01633,0.04604,0.06316,0.01777,0.04664,0.01272,24.97886,30.31502,168.08182,2170.82563,0.13401,0.39572,0.50503,0.18683,0.32049,0.09887
0.0,19.26359,20.06646,126.85501,1147.28859,0.12519,0.18126,0.22383,0.1009,0.22533,0.06571,1.40141,1.86012,10.03847,192.41725,0.01269,0.05739,0.09117,0.02701,0.03264,0.01183,27.13653,30.95751,184.77095,2824.78762,0.15589,0.51401,0.53697,0.2223,0.36643,0.11308
1.0,11.53034,16.89979,74.74026,419.86601,0.09267,0.09062,0.05739,0.0298,0.17646,0.06346,0.48918,1.25301,3.48312,34.00412,0.00762,0.02677,0.0487,0.01289,0.02657,0.00693,13.91136,25.80775,90.47055,595.66617,0.12604,0.24586,0.21735,0.09061,0.28822,0.08581
0.0,21.56543,26.75704,141.07166,1458.11802,0.10228,0.20367,0.2319,0.13328,0.20723,0.06822,0.92552,2.23824,6.7262,132.3275,0.00949,0.04944,0.07689,0.02345,0.02982,0.00742,28.77709,38.16912,185.39414,3241.44265,0.14798,0.53086,0.72592,0.2235,0.37053,0.1227
1.0,14.0792,19.04961,91.80164,625.68882,0.09679,0.10707,0.0772,0.04631,0.1837,0.06176,0.40422,1.10775,2.78456,38.56044,0.00754,0.02705,0.04689,0.01292,0.02396,0.00512,16.59253,27.18956,108.83155,898.39708,0.1388,0.29742,0.29952,0.12643,0.31508,0.0883
0.0,17.40871,24.16279,112.98188,961.4246,0.10173,0.16524,0.1802,0.08892,0.20014,0.06018,0.85295,1.78529,6.23072,99.98363,0.00845,0.04907,0.0694,0.02075,0.02901,0.00609,22.18182,31.79469,148.06649,1505.77206,0.14605,0.40487,0.5186,0.18788,0.334,0.09353
1.0,11.23816,14.9351,72.24783,391.26189,0.08851,0.06099,0.01423,0.00858,0.15873,0.06051,0.32049,1.12574,2.26186,22.79379,0.00601,0.01356,0.02102,0.00898,0.01891,0.00299,12.78772,21.57949,82.72473,506.75824,0.11905,0.1652,0.09848,0.05374,0.2647,0.0734
0.0,20.21147,20.98403,132.83404,1301.83856,0.09707,0.17046,0.21731,0.11583,0.19808,0.06173,1.10091,1.60331,7.99443,156.40103,0.00902,0.04958,0.07823,0.02381,0.02693,0.0069,26.43577,29.98205,178.6946,2420.37021,0.1384,0.47055,0.68069,0.21852,0.35824,0.10398
1.0,13.67055,17.47774,88.45524,591.07723,0.10398,0.1154,0.08643,0.04953,0.19159,0.0645,0.45785,1.20641,3.09062,39.87027,0.0088,0.03058,0.0499,0.01387,0.02498,0.0055,15.89201,24.49629,103.40939,788.66579,0.14207,0.28786,0.29745,0.13098,0.31174,0.08986
0.0,23.33967,29.13506,155.8239,1729.07172,0.11302,0.25888,0.31294,0.16852,0.23199,0.07297,1.38092,2.39958,9.78917,199.19946,0.01257,0.07409,0.11327,0.03507,0.04018,0.0149,32.22728,41.28286,218.42065,3647.7844,0.16911,0.70992,0.92388,0.257,0.44093,0.15082
1.0,10.1557,14.0792,65.34114,312.87157,0.08151,0.04639,0.01297,0.00508,0.14717,0.05437,0.23746,0.85698,1.70678,14.95759,0.00412,0.00908,0.01018,0.00411,0.01201,0.00196,11.23145,19.33644,72.68417,402.77651,0.10862,0.11717,0.06733,0.02986,0.23485,0.06527
0.0,19.23,24.11,127.1,1148.8,0.1009,0.2201,0.2106,0.1102,0.2312,0.0632,0.923,1.9,6.9,130.3,0.0071,0.0537,0.062,0.0211,0.025,0.0055,23.11,31.06,155.6,1702.0,0.134,0.4891,0.5212,0.201,0.3801,0.0934
0.0,19.34,21.737,126.837,1146.4,0.119771,0.228564,0.198275,0.101188,0.210419,0.076845,1.722,2.399,11.383,230.7,0.017586,0.063116,0.098748,0.02497,0.043594,0.014287,26.791,33.003,179.6,2759.2,0.1557,0.589146,0.570774,0.207218,0.399066,0.147742
1.0,11.127,15.631,70.088,382.7,0.097063,0.068369,0.040182,0.014312,0.174151,0.060195,0.697,1.869,4.869,63.7,0.014023,0.04375,0.052865,0.012543,0.038481,0.007624,14.67,24.11,95.5,618.3,0.110752,0.187311,0.147704,0.054359,0.285908,0.091176
0.0,23.504,27.182,157.062,1681.4,0.141151,0.270764,0.315006,0.170889,0.260815,0.089851,1.884,3.109,12.551,281.3,0.02409,0.076802,0.117142,0.031589,0.06173,0.018995,33.279,41.972,229.4,3609.5,0.180295,0.852431,0.887682,0.272101,0.488349,0.170138
1.0,9.014,12.396,57.142,246.3,0.070198,0.029807,0.013532,0.003923,0.134591,0.050304,0.282,0.916,1.968,16.2,0.005182,0.009139,0.007139,0.002015,0.013876,0.00199,9.914,17.069,66.8,290.4,0.09015,0.067344,0.03859,0.013217,0.187399,0.060799
0.0,15.986,20.899,105.748,799.3,0.103038,0.134379,0.0954,0.055819,0.198357,0.063125,0.597,1.524,4.209,75.0,0.009772,0.035764,0.0491,0.016335,0.028905,0.006888,21.896,30.14,147.2,1434.6,0.135017,0.380126,0.319725,0.16911,0.36017,0.09873
1.0,12.571,17.276,80.124,475.2,0.09249,0.061841,0.033785,0.021008,0.166878,0.059275,0.41,1.077,2.992,38.1,0.007012,0.019777,0.026199,0.007997,0.02012,0.003444,16.89,26.787,110.1,895.3,0.122176,0.195079,0.140733,0.07843,0.299092,0.07548
0.0,18.005,24.512,118.889,1001.0,0.108427,0.189709,0.160163,0.08902,0.225722,0.067803,0.925,2.015,6.671,110.3,0.012558,0.048999,0.080509,0.024097,0.037599,0.009988,24.116,35.195,165.7,2110.7,0.150493,0.520268,0.480027,0.220199,0.450106,0.125139
1.0,10.183,14.881,65.334,320.1,0.079234,0.036006,0.015093,0.006099,0.140713,0.052187,0.33,1.011,2.378,21.9,0.004128,0.00989,0.010185,0.003001,0.015989,0.002011,12.01,21.016,77.9,435.6,0.100192,0.09701,0.04987,0.020589,0.2091,0.063212
0.0,20.552,26.009,136.216,1340.5,0.12501,0.25011,0.2801,0.1401,0.2401,0.0801,1.2,2.5,8.5,180.0,0.015,0.07,0.12,0.035,0.05,0.015,28.552,38.009,196.2,3000.5,0.17,0.7,0.8,0.26,0.5,0.18
1.0,8.0,10.0,50.0,200.0,0.065,0.02,0.005,0.001,0.125,0.051,0.15,0.5,1.0,10.0,0.003,0.0025,0.001,0.0005,0.008,0.001,8.5,13.0,55.0,220.0,0.085,0.04,0.01,0.002,0.16,0.058
0.0,16.782,23.332,110.871,870.0,0.094553,0.160105,0.120567,0.068213,0.205189,0.065934,0.75,1.8,5.5,98.0,0.0105,0.055,0.07,0.02,0.035,0.008,22.5,32.0,152.0,1550.0,0.14,0.45,0.4,0.18,0.38,0.105
1.0,13.0,18.0,85.0,520.0,0.1,0.075,0.045,0.025,0.17,0.06,0.3,1.0,2.0,30.0,0.006,0.02,0.03,0.008,0.02,0.003,16.0,25.0,100.0,750.0,0.125,0.2,0.15,0.08,0.28,0.07
0.0,21.0,29.0,140.0,1400.0,0.13,0.28,0.3,0.16,0.25,0.085,1.5,2.8,10.0,200.0,0.018,0.08,0.13,0.038,0.06,0.02,30.0,45.0,210.0,3300.0,0.19,0.9,1.0,0.28,0.55,0.19
1.0,9.5,13.0,60.0,280.0,0.075,0.04,0.01,0.002,0.13,0.053,0.2,0.7,1.5,12.0,0.004,0.005,0.003,0.001,0.01,0.0015,10.5,18.0,70.0,320.0,0.095,0.08,0.02,0.005,0.19,0.062
0.0,17.5,23.0,115.0,950.0,0.11,0.2,0.15,0.09,0.22,0.07,1.0,2.2,7.0,120.0,0.013,0.06,0.09,0.025,0.04,0.01,25.0,34.0,170.0,2200.0,0.16,0.6,0.5,0.2,0.42,0.13
1.0,11.5,16.0,75.0,420.0,0.09,0.055,0.025,0.01,0.16,0.058,0.35,1.2,2.5,25.0,0.005,0.015,0.02,0.006,0.018,0.0025,14.0,23.0,90.0,550.0,0.115,0.15,0.1,0.05,0.26,0.068
0.0,24.0,31.0,160.0,1900.0,0.15,0.3,0.35,0.19,0.28,0.09,2.0,3.3,13.0,300.0,0.025,0.09,0.14,0.04,0.07,0.021,35.0,48.0,240.0,4000.0,0.2,1.0,1.1,0.29,0.57,0.2
1.0,8.5,11.0,55.0,220.0,0.068,0.025,0.008,0.0015,0.128,0.052,0.18,0.6,1.2,11.0,0.0035,0.003,0.002,0.0007,0.009,0.0012,9.0,15.0,60.0,250.0,0.088,0.05,0.015,0.003,0.17,0.059
0.0,19.0,25.0,125.0,1100.0,0.12,0.23,0.2,0.11,0.23,0.075,1.3,2.6,9.0,150.0,0.016,0.065,0.1,0.028,0.045,0.012,27.0,36.0,185.0,2600.0,0.165,0.65,0.6,0.23,0.45,0.14
1.0,10.0,14.0,65.0,300.0,0.078,0.038,0.012,0.004,0.138,0.054,0.25,0.8,1.8,15.0,0.0045,0.008,0.006,0.0018,0.012,0.0017,11.0,20.0,75.0,380.0,0.1,0.09,0.035,0.01,0.2,0.065
0.0,17.892,23.123,117.456,987.6,0.112345,0.198765,0.176543,0.098765,0.215432,0.072187,1.123,2.456,7.89,145.6,0.014567,0.061234,0.095432,0.026789,0.042134,0.011234,25.678,35.123,175.4,2456.7,0.158901,0.587654,0.521345,0.211234,0.401234,0.132109
1.0,10.567,15.123,68.901,367.8,0.088901,0.058765,0.031234,0.012345,0.162109,0.056789,0.298,1.056,2.109,21.0,0.005876,0.016543,0.022109,0.007123,0.019876,0.002876,13.123,22.109,85.6,501.2,0.110123,0.145678,0.098765,0.045678,0.245678,0.06789
0.0,22.388,27.185,152.029,1503.25,0.09156,0.22417,0.24581,0.13886,0.1804,0.06894,0.8529,2.1585,6.0125,125.04,0.00698,0.05387,0.05103,0.02108,0.02987,0.00615,28.604,38.169,198.816,2805.85,0.14154,0.70183,0.78531,0.24558,0.3807,0.12503
0.0,23.3283,28.7562,157.0625,1717.348,0.144,0.287,0.3698,0.1822,0.2709,0.0862,2.2606,2.8368,16.591,402.0461,0.0251,0.0863,0.1136,0.0355,0.0712,0.0195,33.0041,43.2045,229.4704,3835.6883,0.186,0.9254,1.0267,0.2713,0.4852,0.186
1.0,10.632,16.591,68.618,349.88,0.1189,0.0838,0.04259,0.02613,0.1691,0.0683,0.285,1.26,2.02,20.08,0.0076,0.015,0.021,0.009,0.019,0.002,12.378,20.73,81.1,448.2,0.147,0.179,0.134,0.076,0.258,0.079
0.0,17.1519,25.6882,111.4589,926.8906,0.0838,0.1415,0.1192,0.0763,0.2285,0.0558,0.8576,2.0528,6.0125,98.6792,0.0076,0.0402,0.0494,0.0197,0.0264,0.0054,20.482,30.3444,136.7107,1308.8227,0.1065,0.3068,0.2798,0.1504,0.3121,0.071
1.0,13.882,21.84,90.47,605.6,0.10654,0.1408,0.11181,0.06842,0.1983,0.06527,0.4828,1.2587,3.676,51.84,0.006935,0.02891,0.03847,0.01524,0.01859,0.003923,16.27,27.18,107.03,825.1,0.1407,0.3015,0.2902,0.1365,0.2709,0.08612
0.0,19.345,20.48,127.39,1148.2,0.09841,0.1691,0.15873,0.09244,0.1995,0.06178,0.7816,1.0827,5.513,99.28,0.007583,0.03928,0.04782,0.01957,0.02103,0.005081,24.16,27.65,160.89,1780.4,0.1326,0.3951,0.3912,0.2057,0.3283,0.08865
